ID,Date_received,Product,Sub-product,Issue,Sub-issue,Consumer_complaint_narrative,Company_public_response,Company,State,ZIP_code,Tags,Consumer_consent_provided,Submitted_via,Date_sent_to_company,Company_response_to_consumer,Timely_response,Consumer_disputed,Complaint_ID
1,2016-05-18,Mortgage,Other mortgage,"Loan modification,collection,foreclosure",,,Company has responded to the consumer and the CFPB and chooses not to provide a public response,"WELL FARGO BANK, NATIONAL ASSOCIATION",NJ,8618,,N/A,Referral,2016-05-23,Closed with explanation,Yes,No,1931957
14,2013-01-09,Mortgage,Other mortgage,"Loan modification,collection,foreclosure",,,,"WELLS FARGO BANQUE, NATIONAL ASSOCIATION",CA,94590,,N/A,Referral,2013-01-14,Closed with explanation,Yes,No,224922
18,2016-07-26,Consumer Loan,Personal line of credit,Shopping for a line of credit,,,Company has responded to the consumer and the CFPB and chooses not to provide a public response,"WELLS FARGO BANK, NTL ASSOCIATION",AL,35022,,N/A,Referral,2016-07-28,Closed with explanation,Yes,No,2030435
24,2015-02-23,Bank account or service,Other bank product/service,"Making/receiving payments, sending money",,,,"WELLS FARGO BANK, NATIONAL ASSOC ",NY,12047,,N/A,Web,2015-02-23,Closed with explanation,Yes,No,1251272
31,2013-07-17,Bank account or service,Checking account,"Making/receiving payments, sending money",,,,"WELLS F. BANK, NATIONAL ASSOCIATION",NY,13602,,N/A,Referral,2013-07-19,Closed with non-monetary relief,Yes,Yes,463255
52,2013-06-05,Money transfers,Domestic (US) money transfer,Other transaction issues,,,,"WELLS FARGO BANK, NTL ASSOC ",CA,92806,,N/A,Web,2013-06-04,Closed with explanation,Yes,No,424390
81,2016-09-01,Mortgage,VA mortgage,"Loan servicing, payments, escrow account",,,Company has responded to the consumer and the CFPB and chooses not to provide a public response,"WELLS FARGO, NATIONAL ASSOCIATION",FL,33625,,N/A,Referral,2016-09-07,Closed with explanation,Yes,No,2091582
99,2013-04-16,Mortgage,Other mortgage,"Loan modification,collection,foreclosure",,,,"W FARGO BANK, NATIONAL ASSOCIATION",TX,75232,,N/A,Referral,2013-04-17,Closed with explanation,Yes,No,383796
123,2012-01-06,Credit card,,Unsolicited issuance of credit card,,,,"WELLS FARGO BNK, NTL ASSOCIATION",GA,30815,Older American,N/A,Web,2012-01-06,Closed without relief,Yes,No,10647
126,2013-03-27,Mortgage,Other mortgage,"Loan modification,collection,foreclosure",,,,"WELL FARGO BANC, NATIONAL ASSOC",FL,34606,,N/A,Postal mail,2013-03-27,Closed with explanation,Yes,Yes,366746
129,2015-06-02,Mortgage,Other mortgage,Other,,,Company chooses not to provide a public response,"WELLS FARGO BANK, NATIONAL ASSOCIATION",NY,10019,,N/A,Referral,2015-06-15,Closed with explanation,Yes,No,1403026
141,2012-12-19,Mortgage,Other mortgage,"Loan modification,collection,foreclosure",,,,"WELLS FARGO BANK, NATIONAL ASSOCIATION",CA,92705,,N/A,Referral,2012-12-20,Closed with explanation,Yes,No,214447
149,2012-05-17,Bank account or service,Savings account,"Account opening, closing, or management",,,,"WELLS FARGO BANK, NATIONAL ASSOCIATION",CO,80121,,N/A,Phone,2012-05-21,Closed without relief,Yes,Yes,82772
169,2012-04-27,Mortgage,Other mortgage,"Loan modification,collection,foreclosure",,,,"WELLS FARGO BANK, NATIONAL ASSOCIATION",GA,30349,,N/A,Referral,2012-05-01,Closed without relief,Yes,No,68462
175,2013-02-16,Bank account or service,Checking account,"Account opening, closing, or management",,,,"WELLS FARGO BANK, NATIONAL ASSOCIATION",NV,89015,,N/A,Web,2013-02-19,Closed with explanation,Yes,No,318808
179,2016-12-31,Mortgage,Other mortgage,"Loan modification,collection,foreclosure",,,Company has responded to the consumer and the CFPB and chooses not to provide a public response,"WELLS FARGO BANK, NATIONAL ASSOCIATION",IL,60443,,N/A,Referral,2017-01-03,Closed with explanation,Yes,No,2269416
196,2014-02-26,Mortgage,Conventional fixed mortgage,"Loan modification,collection,foreclosure",,,,"WELLS FARGO BANK, NATIONAL ASSOCIATION",CT,6235,,N/A,Web,2014-02-27,Closed with explanation,Yes,Yes,732774
202,2013-10-24,Mortgage,Reverse mortgage,"Loan servicing, payments, escrow account",,,,"WELLS FARGO BANK, NATIONAL ASSOCIATION",MA,1760,,N/A,Referral,2013-10-25,Closed with explanation,Yes,Yes,570634
220,2013-12-21,Credit card,,Customer service / Customer relations,,,,"WELLS FARGO BANK, NATIONAL ASSOCIATION",GA,30004,,N/A,Referral,2013-12-30,Closed with explanation,Yes,No,641334
262,2014-06-25,Bank account or service,Checking account,"Account opening, closing, or management",,,,"WELLS FARGO BANK, NATIONAL ASSOCIATION",MN,55420,,N/A,Phone,2014-06-27,Closed with explanation,Yes,No,910617
265,2016-01-13,Mortgage,Other mortgage,"Loan servicing, payments, escrow account",,,Company chooses not to provide a public response,"WELLS FARGO BANK, NATIONAL ASSOCIATION",FL,33647,,N/A,Referral,2016-01-15,Closed with explanation,Yes,Yes,1740047
280,2015-08-06,Bank account or service,Checking account,Problems caused by my funds being low,,I now have a negative balance of over {$200.00} a check was posted to my account for {$86.00} Wells Fargo then decided to charge an overdraft fee for a {$7.00} debt which set in a charge of {$35.00} of which set my {$86.00} into a negative of which they charged a {$35.00} fee for that then they reversed my check of which set off yet another {$35.00} overdraft charge I am annoyed with these fraudulent charges and practices,Company chooses not to provide a public response,"WELLS FARGO BANK, NATIONAL ASSOCIATION",SC,290XX,Older American,Consent provided,Web,2015-08-06,Closed with explanation,Yes,No,1505306
283,2012-08-14,Mortgage,Home equity loan or line of credit,"Loan servicing, payments, escrow account",,,,"WELLS FARGO BANK, NATIONAL ASSOCIATION",VA,22304,,N/A,Referral,2012-08-21,Closed with explanation,Yes,No,135536
298,2012-07-27,Mortgage,Conventional fixed mortgage,"Loan servicing, payments, escrow account",,,,"WELLS FARGO BANK, NATIONAL ASSOCIATION",GA,30014,,N/A,Postal mail,2012-08-03,Closed with explanation,Yes,No,126020
327,2015-01-22,Mortgage,Conventional fixed mortgage,"Application, originator, mortgage broker",,,,"WELLS FARGO BANK, NATIONAL ASSOCIATION",NJ,7024,,N/A,Web,2015-01-22,Closed with monetary relief,Yes,No,1204400
333,2016-03-16,Mortgage,FHA mortgage,"Loan modification,collection,foreclosure",,,Company has responded to the consumer and the CFPB and chooses not to provide a public response,"WELLS FARGO BANK, NATIONAL ASSOCIATION",IL,60630,,N/A,Postal mail,2016-03-22,Closed with explanation,Yes,No,1835519
341,2012-11-19,Bank account or service,Checking account,Using a debit or ATM card,,,,"WELLS FARGO BANK, NATIONAL ASSOCIATION",PA,19124,,N/A,Phone,2012-11-23,Closed with explanation,Yes,No,193839
359,2014-09-03,Bank account or service,Other bank product/service,Deposits and withdrawals,,,,"WELLS FARGO BANK, NATIONAL ASSOCIATION",FL,33206,,N/A,Referral,2014-09-08,Closed with explanation,Yes,No,1011791
370,2014-12-06,Bank account or service,Checking account,Deposits and withdrawals,,,,"WELLS FARGO BANK, NATIONAL ASSOCIATION",CA,93140,,N/A,Web,2014-12-18,Closed with explanation,Yes,No,1145816
374,2014-06-17,Credit card,,Late fee,,,,"WELLS FARGO BANK, NATIONAL ASSOCIATION",MT,59101,,N/A,Phone,2014-06-19,Closed with explanation,Yes,No,898274
385,2016-08-16,Bank account or service,Checking account,Problems caused by my funds being low,,,Company has responded to the consumer and the CFPB and chooses not to provide a public response,"WELLS FARGO BANK, NATIONAL ASSOCIATION",CA,91602,,N/A,Referral,2016-08-18,Closed with explanation,Yes,Yes,2065707
408,2012-04-02,Bank account or service,Checking account,Using a debit or ATM card,,,,"WELLS FARGO BANK, NATIONAL ASSOCIATION",CA,92612,,N/A,Referral,2012-04-02,Closed without relief,Yes,No,43382
418,2016-05-06,Mortgage,Conventional adjustable mortgage (ARM),"Loan servicing, payments, escrow account",,,Company has responded to the consumer and the CFPB and chooses not to provide a public response,"WELLS FARGO BANK, NATIONAL ASSOCIATION",CA,94619,Older American,Consent not provided,Web,2016-05-06,Closed with explanation,Yes,No,1913256
433,2013-04-02,Mortgage,Conventional fixed mortgage,"Loan servicing, payments, escrow account",,,,"WELLS FARGO BANK, NATIONAL ASSOCIATION",CA,90232,Older American,N/A,Phone,2013-04-15,Closed with explanation,Yes,No,372498
437,2014-06-13,Mortgage,FHA mortgage,"Application, originator, mortgage broker",,,,"WELLS FARGO BANK, NATIONAL ASSOCIATION",FL,33463,,N/A,Web,2014-06-13,Closed with explanation,Yes,No,893415
442,2014-01-28,Mortgage,Conventional adjustable mortgage (ARM),"Loan servicing, payments, escrow account",,,,"WELLS FARGO BANK, NATIONAL ASSOCIATION",NY,10940,,N/A,Web,2014-02-06,Closed with explanation,Yes,No,689847
443,2014-01-01,Bank account or service,Checking account,Deposits and withdrawals,,,,"WELLS FARGO BANK, NATIONAL ASSOCIATION",FL,34608,,N/A,Web,2014-01-01,Closed with explanation,Yes,Yes,648765
452,2013-12-12,Credit card,,Billing disputes,,,,"WELLS FARGO BANK, NATIONAL ASSOCIATION",FL,32327,,N/A,Referral,2013-12-16,Closed with explanation,Yes,No,631378
454,2017-02-18,Mortgage,FHA mortgage,"Loan modification,collection,foreclosure",,,Company has responded to the consumer and the CFPB and chooses not to provide a public response,"WELLS FARGO BANK, NATIONAL ASSOCIATION",NY,11772,,N/A,Phone,2017-02-23,Closed with explanation,Yes,No,2349278
477,2015-08-04,Bank account or service,Cashing a check without an account,"Account opening, closing, or management",,,Company chooses not to provide a public response,"WELLS FARGO BANK, NATIONAL ASSOCIATION",CA,90280,,N/A,Referral,2015-08-05,Closed with explanation,Yes,No,1500830
479,2012-06-05,Mortgage,Other mortgage,"Loan modification,collection,foreclosure",,,,"WELLS FARGO BANK, NATIONAL ASSOCIATION",OH,43147,,N/A,Referral,2012-06-08,Closed with explanation,Yes,No,94452
487,2013-06-14,Mortgage,Other mortgage,"Loan servicing, payments, escrow account",,,,"WELLS FARGO BANK, NATIONAL ASSOCIATION",NV,89147,,N/A,Postal mail,2013-06-17,Closed with explanation,Yes,No,432793
496,2012-03-06,Bank account or service,Checking account,"Account opening, closing, or management",,,,"WELLS FARGO BANK, NATIONAL ASSOCIATION",CA,90706,,N/A,Web,2012-03-06,Closed without relief,Yes,No,30660
507,2016-08-04,Bank account or service,Checking account,Using a debit or ATM card,,,,"WELLS FARGO BANK, NATIONAL ASSOCIATION",NJ,8046,Older American,N/A,Phone,2016-08-04,Closed with explanation,No,No,2046124
510,2014-12-09,Credit card,,Customer service / Customer relations,,,,"WELLS FARGO BANK, NATIONAL ASSOCIATION",OK,73142,,N/A,Phone,2014-12-11,Closed with explanation,Yes,No,1148118
536,2015-11-09,Bank account or service,Checking account,"Account opening, closing, or management",,,Company chooses not to provide a public response,"WELLS FARGO BANK, NATIONAL ASSOCIATION",CA,92084,,N/A,Phone,2015-11-09,Closed with explanation,Yes,No,1646395
543,2013-11-20,Mortgage,Conventional fixed mortgage,"Loan modification,collection,foreclosure",,,,"WELLS FARGO BANK, NATIONAL ASSOCIATION",OR,97060,,N/A,Web,2013-11-19,Closed with explanation,Yes,No,605387
594,2014-05-04,Mortgage,VA mortgage,"Loan servicing, payments, escrow account",,,,"WELLS FARGO BANK, NATIONAL ASSOCIATION",IA,50315,,N/A,Web,2014-05-07,Closed with explanation,Yes,No,836910
601,2013-03-30,Consumer Loan,Personal line of credit,Managing the line of credit,,,,"WELLS FARGO BANK, NATIONAL ASSOCIATION",WA,98118,,N/A,Web,2013-04-01,Closed with explanation,Yes,No,370003
619,2016-05-17,Mortgage,FHA mortgage,"Loan modification,collection,foreclosure",,,Company has responded to the consumer and the CFPB and chooses not to provide a public response,"WELLS FARGO BANK, NATIONAL ASSOCIATION",GA,30034,,Consent not provided,Web,2016-05-17,Closed with explanation,Yes,Yes,1928464
620,2015-03-11,Credit card,,Application processing delay,,,,"WELLS FARGO BANK, NATIONAL ASSOCIATION",AZ,85203,,N/A,Phone,2015-03-17,Closed with explanation,Yes,No,1278177
624,2015-01-14,Mortgage,Other mortgage,"Loan modification,collection,foreclosure",,,,"WELLS FARGO BANK, NATIONAL ASSOCIATION",TN,38116,,N/A,Referral,2015-01-16,Closed with explanation,Yes,No,1192762
636,2015-02-23,Mortgage,Conventional fixed mortgage,"Loan servicing, payments, escrow account",,,,"WELLS FARGO BANK, NATIONAL ASSOCIATION",FL,32825,,N/A,Web,2015-02-23,Closed with explanation,Yes,No,1252718
637,2017-02-17,Bank account or service,Checking account,"Making/receiving payments, sending money",,"I went to a Wells Fargo branch to deposit a check into my father 's account that was issued under his name. It arrived by mail to his old house in XXXX house, and he moved to another city couple years ago. So I wanted to deposit it myself instead of mailing it to him. I I went to a small brach inside a grocery store, located near my university. I asked a banker if that would be ok to deposit that check if I know account number and was told that it 's absolutely not a problem. I was helped by a branch manager, because other tellers were busy. She took a check, did all the required steps and scanned the check through the machine. And only when recipept got printed she notified me that because of the upcoming holidays all funds except a XXXX dollars will be available in 7 business days, but because of the holidays it somehow ended being 13 calendar days. I was astonished to hear that. I asked to revert the transaction, because that was too long and did not sound reasonable. ( A banker at another branch was later able to deposit it, so it cleared on the last day before the holidays in only two days. ) When the banker completed cancelation she told me that she would not give me check back, because it was issued under my fathers name, even though I just brought it in 5 minutes ago. My father had to leave work and drive over XXXX miles from another city to pick up the check, because manager claimed that she will shred the check if he does n't pick it up by the end of the business day. And we did not want to to go through a hassle of requesting to reissue check. 
Manager of that branch did not have any regards for the situation she created and failed to notify me of important deposit information before deposit was made. When I asked her which rule does not allow her to return it to me, she said that there is a rule and she can show it. However, when I asked to show she started looking for something and after couple minutes of unsecusseful attempts to locate the set of rules, she said that even if she finds it she would not show it to me, because of another rule. On the question whether someone can make exception to that rule, branch manager said that she can, but would not. When I asked why did you say that, she refrained from answer. I also offered to get my father on the phone to verify his SSN and ID number and authorize me to pick up the check. Service manger XXXX provide not a single argument other then "" I ca n't do it '' I have been a client of Wells Fargo for 5 years, have a depot, credit and business cards, maintain reasonable daily balance and did not have a single bounced check or similar problem. 
Check amount {$25000.00} Date of attempt to deposit XX/XX/2017 First {$200.00} available immediately. 
The rest on XX/XX/2017 Average checking account balance {$3000.00} With linked business account and investment Service manger 's name : XXXX Branch : XXXX, CA XXXX United States",Company has responded to the consumer and the CFPB and chooses not to provide a public response,"WELLS FARGO BANK, NATIONAL ASSOCIATION",CA,921XX,,Consent provided,Web,2017-02-17,Closed with explanation,No,No,2347784
642,2016-01-28,Bank account or service,Other bank product/service,Deposits and withdrawals,,,Company chooses not to provide a public response,"WELLS FARGO BANK, NATIONAL ASSOCIATION",MN,55104,,N/A,Referral,2016-02-01,Closed,Yes,Yes,1762405
647,2012-08-17,Mortgage,Other mortgage,"Application, originator, mortgage broker",,,,"WELLS FARGO BANK, NATIONAL ASSOCIATION",GA,30187,,N/A,Phone,2012-08-21,Closed with monetary relief,Yes,No,137657
678,2016-11-22,Mortgage,Other mortgage,"Loan modification,collection,foreclosure",,,Company has responded to the consumer and the CFPB and chooses not to provide a public response,"WELLS FARGO BANK, NATIONAL ASSOCIATION",GA,30127,,N/A,Referral,2016-11-23,Closed with explanation,Yes,No,2218143
701,2014-08-05,Other financial service,Check cashing,Customer service/Customer relations,,,,"WELLS FARGO BANK, NATIONAL ASSOCIATION",CA,94915,,N/A,Phone,2014-08-07,Closed with explanation,Yes,No,969334
704,2014-05-06,Mortgage,Other mortgage,"Loan modification,collection,foreclosure",,,,"WELLS FARGO BANK, NATIONAL ASSOCIATION",NY,11210,,N/A,Postal mail,2014-05-08,Closed with explanation,Yes,No,839905
711,2014-08-16,Mortgage,Conventional fixed mortgage,"Loan servicing, payments, escrow account",,,,"WELLS FARGO BANK, NATIONAL ASSOCIATION",VA,20176,,N/A,Web,2014-08-16,Closed with explanation,Yes,No,987649
737,2015-11-24,Bank account or service,Checking account,Deposits and withdrawals,,,Company chooses not to provide a public response,"WELLS FARGO BANK, NATIONAL ASSOCIATION",GA,30236,,N/A,Referral,2015-11-25,Closed with monetary relief,Yes,No,1670287
744,2012-11-23,Mortgage,Conventional fixed mortgage,"Loan modification,collection,foreclosure",,,,"WELLS FARGO BANK, NATIONAL ASSOCIATION",WA,98110,,N/A,Web,2012-11-26,Closed with explanation,Yes,No,196343
756,2013-03-07,Student loan,Non-federal student loan,Repaying your loan,,,,"WELLS FARGO BANK, NATIONAL ASSOCIATION",TN,38305,,N/A,Web,2013-03-08,Closed with explanation,Yes,No,345422
758,2015-02-03,Mortgage,Conventional fixed mortgage,"Loan modification,collection,foreclosure",,,,"WELLS FARGO BANK, NATIONAL ASSOCIATION",MO,63005,,N/A,Web,2015-02-06,Closed with explanation,Yes,No,1221791
761,2017-01-11,Mortgage,Conventional fixed mortgage,"Loan modification,collection,foreclosure",,,Company has responded to the consumer and the CFPB and chooses not to provide a public response,"WELLS FARGO BANK, NATIONAL ASSOCIATION",WI,54235,,N/A,Phone,2017-01-12,Closed with explanation,Yes,No,2284841
780,2013-01-08,Mortgage,Other mortgage,"Loan modification,collection,foreclosure",,,,"WELLS FARGO BANK, NATIONAL ASSOCIATION",NJ,8057,,N/A,Referral,2013-01-11,Closed with explanation,Yes,No,224184
790,2014-01-09,Bank account or service,Checking account,Deposits and withdrawals,,,,"WELLS FARGO BANK, NATIONAL ASSOCIATION",FL,33558,,N/A,Phone,2014-01-09,Closed with monetary relief,Yes,No,661087
816,2016-11-14,Bank account or service,Other bank product/service,Problems caused by my funds being low,,,,"WELLS FARGO BANK, NATIONAL ASSOCIATION",GA,30168,,N/A,Referral,2016-11-15,Closed with explanation,No,No,2206291
837,2013-09-18,Mortgage,Other mortgage,"Loan modification,collection,foreclosure",,,,"WELLS FARGO BANK, NATIONAL ASSOCIATION",FL,33025,,N/A,Referral,2013-09-19,Closed with explanation,Yes,No,533026
874,2012-07-11,Mortgage,Other mortgage,"Loan modification,collection,foreclosure",,,,"WELLS FARGO BANK, NATIONAL ASSOCIATION",TX,77077,,N/A,Web,2012-07-13,Closed with explanation,Yes,Yes,115956
884,2012-06-29,Bank account or service,Checking account,Deposits and withdrawals,,,,"WELLS FARGO BANK, NATIONAL ASSOCIATION",NY,10128,,N/A,Referral,2012-07-03,Closed with explanation,Yes,No,110377
886,2015-03-24,Bank account or service,Checking account,Deposits and withdrawals,,,,"WELLS FARGO BANK, NATIONAL ASSOCIATION",CA,93654,Older American,N/A,Postal mail,2015-03-25,Closed with explanation,Yes,No,1298359
892,2014-06-18,Bank account or service,Checking account,"Account opening, closing, or management",,,,"WELLS FARGO BANK, NATIONAL ASSOCIATION",CA,92603,,N/A,Web,2014-06-18,Closed with monetary relief,Yes,No,899649
906,2014-03-26,Mortgage,FHA mortgage,"Loan modification,collection,foreclosure",,,,"WELLS FARGO BANK, NATIONAL ASSOCIATION",TX,77082,,N/A,Phone,2014-03-31,Closed with explanation,Yes,No,779995
911,2013-10-22,Mortgage,Conventional fixed mortgage,"Loan modification,collection,foreclosure",,,,"WELLS FARGO BANK, NATIONAL ASSOCIATION",CA,92590,,N/A,Web,2013-10-24,Closed with explanation,Yes,Yes,565708
915,2016-01-23,Mortgage,Conventional adjustable mortgage (ARM),"Application, originator, mortgage broker",,,Company chooses not to provide a public response,"WELLS FARGO BANK, NATIONAL ASSOCIATION",CA,91326,,Consent not provided,Web,2016-01-23,Closed with explanation,Yes,Yes,1754931
935,2013-05-10,Bank account or service,Checking account,Problems caused by my funds being low,,,,"WELLS FARGO BANK, NATIONAL ASSOCIATION",,,,N/A,Referral,2013-05-13,Closed with explanation,Yes,No,404589
940,2015-03-12,Mortgage,Other mortgage,"Loan modification,collection,foreclosure",,,,"WELLS FARGO BANK, NATIONAL ASSOCIATION",WA,98466,,N/A,Referral,2015-03-18,Closed with explanation,Yes,No,1281100
974,2017-03-15,Mortgage,Home equity loan or line of credit,"Loan modification,collection,foreclosure",,,Company has responded to the consumer and the CFPB and chooses not to provide a public response,"WELLS FARGO BANK, NATIONAL ASSOCIATION",CA,92253,Older American,N/A,Referral,2017-03-16,Closed with explanation,Yes,Yes,2388971
977,2015-03-24,Bank account or service,Checking account,Deposits and withdrawals,,,,"WELLS FARGO BANK, NATIONAL ASSOCIATION",TX,75087,"Older American, Servicemember",N/A,Phone,2015-03-24,Closed with explanation,Yes,No,1299767
982,2014-04-16,Debt collection,Mortgage,Disclosure verification of debt,Right to dispute notice not received,,,"WELLS FARGO BANK, NATIONAL ASSOCIATION",FL,34609,,N/A,Postal mail,2014-04-21,Closed with explanation,Yes,No,810668
17,2016-11-08,Credit reporting,,Incorrect information on credit report,Information is not mine,,,"EQUIFAX, INC.",AZ,85296,,Consent not provided,Web,2016-11-08,Closed with explanation,Yes,No,2199513
74,2013-12-31,Credit reporting,,Credit reporting company's investigation,Investigation took too long,,,"EQUIFAX, INC.",MI,48341,,N/A,Web,2014-01-10,Closed with non-monetary relief,Yes,Yes,648923
92,2014-04-15,Credit reporting,,Improper use of my credit report,Report improperly shared by CRC,,,"EQUIFAX, INC.",MA,2301,,N/A,Web,2014-05-07,Closed with explanation,Yes,No,808677
95,2015-01-21,Credit reporting,,Incorrect information on credit report,Account status,,,"EQUIFAX, INC.",KS,66203,,N/A,Referral,2015-02-18,Closed with non-monetary relief,Yes,No,1201570
111,2014-06-26,Credit reporting,,Incorrect information on credit report,Public record,,,"EQUIFAX, INC.",CA,94549,,N/A,Web,2014-06-30,Closed with non-monetary relief,Yes,No,911749
131,2014-05-21,Credit reporting,,Incorrect information on credit report,Account status,,,"EQUIFAX, INC.",RI,2860,Older American,N/A,Postal mail,2014-06-18,Closed with non-monetary relief,Yes,No,863861
148,2015-12-10,Credit reporting,,Unable to get credit report/credit score,Problem getting report or credit score,,,"EQUIFAX, INC.",CA,95949,,Consent not provided,Web,2015-12-10,Closed with explanation,Yes,No,1691297
181,2014-08-26,Credit reporting,,Incorrect information on credit report,Account status,,,"EQUIFAX, INC.",TX,78617,,N/A,Postal mail,2014-10-06,Closed with explanation,Yes,No,1002439
214,2015-07-24,Credit reporting,,Incorrect information on credit report,Information is not mine,,,"EQUIFAX, INC.",NY,11577,,N/A,Referral,2015-09-10,Closed with explanation,Yes,No,1485388
215,2016-09-08,Credit reporting,,Credit reporting company's investigation,No notice of investigation status/result,I HAVE SENT IN NUMEROUS CERTIFIED MAIL TO ALL XXXX BUREAUS IN REGARDS TO IDENTITY THEFT I SENT THEM MY IDENTITY THEFT AFFADAVIT # XXXX NOTARIZED AND STAMPED I SENT IN CONSUMER FINANCIAL PROTECTION BUREAU # XXXX,,"EQUIFAX, INC.",CA,958XX,,Consent provided,Web,2016-09-08,Closed with explanation,Yes,No,2102500
222,2014-09-12,Credit reporting,,Incorrect information on credit report,Account status,,,"EQUIFAX, INC.",TX,76082,,N/A,Postal mail,2014-09-26,Closed with explanation,Yes,No,1026818
228,2016-02-09,Credit reporting,,Incorrect information on credit report,Reinserted previously deleted info,,,"EQUIFAX, INC.",SC,29588,,Consent not provided,Web,2016-02-09,Closed with explanation,Yes,No,1779264
234,2015-10-28,Credit reporting,,Credit monitoring or identity protection,Problem with fraud alerts,I recently received notice from XXXX of my creditors that their systems had been breached and my information may have been compromised. I attempted to utilize Equifax 's website to put a 90 day fraud alert on my credit file. I was easily able to do this XXXX without any issues. Equifax is demanding that I send them XXXX and all sorts of documentation of identity. This does n't make any sense. Why would they make it more challenging for me to protect myself from fraud? I just closed on a house a few weeks ago. I have none of the documents they want. I insist that they put a 90 day fraud alert on my credit report at once so that I can protect myself from identity theft.,,"EQUIFAX, INC.",MN,551XX,,Consent provided,Web,2015-10-28,Closed with explanation,Yes,No,1628340
246,2016-09-09,Credit reporting,,Incorrect information on credit report,Account status,,,"EQUIFAX, INC.",FL,33319,,N/A,Postal mail,2016-09-13,Closed with explanation,Yes,No,2103429
263,2016-01-12,Credit reporting,,Incorrect information on credit report,Information is not mine,,,"EQUIFAX, INC.",TX,79423,,Consent not provided,Web,2016-01-12,Closed with non-monetary relief,Yes,No,1739043
268,2014-06-12,Credit reporting,,Incorrect information on credit report,Public record,,,"EQUIFAX, INC.",VA,22153,,N/A,Web,2014-06-12,Closed with explanation,Yes,No,891451
303,2016-04-26,Credit reporting,,Incorrect information on credit report,Information is not mine,"I initiated a Dispute with Equifax my on XXXX XXXX, 2016 and since then I have disputed this creditor XXXX XXXX three time as Fraud/Identity theft. Equifax refuses to remove it from my file. 
Dispute Case Numbers XXXX on XXXX XXXX, 2016 XXXX on XXXX XXXX, 2016 XXXX on XXXX XXXX, 2016",,"EQUIFAX, INC.",MD,207XX,,Consent provided,Web,2016-04-26,Closed with explanation,Yes,No,1896160
308,2014-10-09,Credit reporting,,Incorrect information on credit report,Account status,,,"EQUIFAX, INC.",FL,33782,,N/A,Postal mail,2014-10-16,Closed with explanation,Yes,Yes,1065958
318,2015-04-01,Credit reporting,,Unable to get credit report/credit score,Problem getting my free annual report,,,"EQUIFAX, INC.",CA,92506,,Consent not provided,Web,2015-04-01,Closed with explanation,Yes,No,1310402
338,2016-12-01,Credit reporting,,Credit reporting company's investigation,No notice of investigation status/result,,,"EQUIFAX, INC.",CA,95816,,Consent not provided,Web,2016-12-01,Closed with explanation,Yes,Yes,2232168
342,2014-10-22,Credit reporting,,Incorrect information on credit report,Information is not mine,,,"EQUIFAX, INC.",PR,741,,N/A,Web,2014-10-24,Closed with explanation,Yes,No,1081447
356,2016-09-13,Credit reporting,,Incorrect information on credit report,Information is not mine,,,"EQUIFAX, INC.",DE,19940,,Consent not provided,Web,2016-09-13,Closed with explanation,Yes,No,2108150
361,2015-09-23,Credit reporting,,Incorrect information on credit report,Account status,,,"EQUIFAX, INC.",FL,34695,,N/A,Postal mail,2015-10-07,Closed with explanation,Yes,No,1576968
363,2014-10-06,Credit reporting,,Incorrect information on credit report,Account terms,,,"EQUIFAX, INC.",PA,18062,,N/A,Web,2014-10-10,Closed with explanation,Yes,No,1059365
368,2014-03-03,Credit reporting,,Unable to get credit report/credit score,Problem getting my free annual report,,,"EQUIFAX, INC.",SC,29527,,N/A,Web,2014-03-03,Closed with non-monetary relief,Yes,No,740475
387,2016-06-24,Credit reporting,,Incorrect information on credit report,Reinserted previously deleted info,XXXX XXXX XXXX the collection company on this case has re-aged my account with XXXX. This account was listed with another collection company and was found to be inaccurate and was removed from my credit report. Now this new collection company re-aged this account and is reporting inaccurate information. Equifax is reporting this inaccurate information.,,"EQUIFAX, INC.",NJ,079XX,Servicemember,Consent provided,Web,2016-06-24,Closed with explanation,Yes,Yes,1983665
391,2015-09-17,Credit reporting,,Incorrect information on credit report,Account status,,,"EQUIFAX, INC.",AR,72336,,N/A,Postal mail,2015-10-06,Closed with explanation,Yes,No,1568624
416,2016-10-13,Credit reporting,,Incorrect information on credit report,Account status,,,"EQUIFAX, INC.",VA,22546,,N/A,Postal mail,2016-10-18,Closed with non-monetary relief,Yes,No,2159863
449,2014-05-10,Credit reporting,,Incorrect information on credit report,Public record,,,"EQUIFAX, INC.",TX,76712,,N/A,Web,2014-05-10,Closed with explanation,Yes,No,846678
466,2014-09-30,Credit reporting,,Credit reporting company's investigation,No notice of investigation status/result,,,"EQUIFAX, INC.",AL,35226,,N/A,Web,2014-10-06,Closed with explanation,Yes,No,1051816
488,2016-02-02,Credit reporting,,Credit monitoring or identity protection,Problem with fraud alerts,,,"EQUIFAX, INC.",GA,30311,,N/A,Referral,2016-02-04,Closed with explanation,Yes,No,1769716
499,2015-06-08,Credit reporting,,Incorrect information on credit report,Account status,,,"EQUIFAX, INC.",OK,73527,,N/A,Referral,2015-06-11,Closed with explanation,Yes,No,1411645
500,2012-12-20,Credit reporting,,Incorrect information on credit report,Account terms,,,"EQUIFAX, INC.",IL,60411,,N/A,Web,2012-12-20,Closed with non-monetary relief,Yes,No,215141
515,2015-12-29,Credit reporting,,Improper use of my credit report,Report shared with employer w/o consent,,,"EQUIFAX, INC.",GA,30135,,N/A,Postal mail,2016-01-04,Closed with explanation,Yes,Yes,1721113
555,2016-04-15,Credit reporting,,Incorrect information on credit report,Information is not mine,,,"EQUIFAX, INC.",ND,58801,,Consent not provided,Web,2016-04-15,Closed with explanation,Yes,No,1881046
607,2016-03-22,Credit reporting,,Incorrect information on credit report,Account status,"I am attempting to clear collection accounts from my credit bureau file. I paid in full the XXXX listed as XXXX XXXX XXXX for {$120.00}. 
It is still showing on my file. 
XXXX XXXX XXXX would not take my debit/check card as payment only my bank routing # and acct #. I gave it to them against my better judgment. I collection item is still there. 
WHAT DID XXXX DO WITH MY MONEY?? WAS THIS A FRAUD??",,"EQUIFAX, INC.",MD,207XX,,Consent provided,Web,2016-03-22,Closed with explanation,Yes,No,1845030
614,2013-02-03,Credit reporting,,Credit reporting company's investigation,Problem with statement of dispute,,,"EQUIFAX, INC.",FL,33054,,N/A,Web,2013-02-06,Closed with explanation,Yes,Yes,285930
626,2017-04-19,Credit reporting,,Incorrect information on credit report,Public record,,,"EQUIFAX, INC.",CA,914XX,Older American,,Web,2017-04-19,Closed with explanation,Yes,No,2441814
652,2013-08-28,Credit reporting,,Incorrect information on credit report,Information is not mine,,,"EQUIFAX, INC.",CA,91342,,N/A,Web,2013-08-28,Closed with non-monetary relief,Yes,No,506794
694,2014-06-15,Credit reporting,,Incorrect information on credit report,Reinserted previously deleted info,,,"EQUIFAX, INC.",SC,29935,,N/A,Web,2014-06-15,Closed with non-monetary relief,Yes,No,895650
713,2013-06-12,Credit reporting,,Incorrect information on credit report,Account status,,,"EQUIFAX, INC.",GA,30281,,N/A,Fax,2013-06-25,Closed with non-monetary relief,Yes,No,429615
782,2016-01-25,Credit reporting,,Incorrect information on credit report,Account status,,,"EQUIFAX, INC.",FL,33441,,Consent not provided,Web,2016-02-01,Closed with non-monetary relief,Yes,No,1757271
787,2015-09-05,Credit reporting,,Credit reporting company's investigation,No notice of investigation status/result,"I forward a letter to Equifax on XXXX/XXXX/2015 ( certified XXXX ), no response from the company. I have disputed several items on my credit but have not heard from this company.",,"EQUIFAX, INC.",MI,480XX,,Consent provided,Web,2015-09-11,Closed with explanation,Yes,No,1553592
803,2016-02-11,Credit reporting,,Incorrect information on credit report,Account status,,,"EQUIFAX, INC.",OH,43230,,N/A,Referral,2016-02-11,Closed with explanation,Yes,No,1783212
805,2016-03-29,Credit reporting,,Incorrect information on credit report,Account status,,,"EQUIFAX, INC.",MO,64870,,Consent not provided,Web,2016-03-31,Closed with explanation,Yes,Yes,1854009
819,2016-01-26,Credit reporting,,Incorrect information on credit report,Account terms,,,"EQUIFAX, INC.",FL,61070,,N/A,Postal mail,2016-02-02,Closed with explanation,Yes,No,1758220
825,2017-03-16,Credit reporting,,Credit reporting company's investigation,No notice of investigation status/result,,,"EQUIFAX, INC.",GA,30042,,,Web,2017-03-16,Closed with explanation,Yes,No,2391369
827,2016-10-04,Credit reporting,,Incorrect information on credit report,Information is not mine,,,"EQUIFAX, INC.",OH,43420,Older American,N/A,Referral,2016-10-07,Closed with non-monetary relief,Yes,No,2145032
831,2013-01-18,Credit reporting,,Incorrect information on credit report,Account status,,,"EQUIFAX, INC.",OH,44139,,N/A,Postal mail,2013-01-24,Closed with explanation,Yes,Yes,245838
849,2014-08-06,Credit reporting,,Incorrect information on credit report,Information is not mine,,,"EQUIFAX, INC.",FL,32131,,N/A,Referral,2014-08-25,Closed with explanation,Yes,No,971938
853,2012-12-03,Credit reporting,,Incorrect information on credit report,Account status,,,"EQUIFAX, INC.",CA,92129,,N/A,Web,2012-12-03,Closed with explanation,Yes,No,201443
864,2015-06-11,Credit reporting,,Credit reporting company's investigation,Investigation took too long,,,"EQUIFAX, INC.",WA,98166,,Consent not provided,Web,2015-06-11,Closed with explanation,Yes,No,1417326
869,2016-11-16,Credit reporting,,Improper use of my credit report,Report improperly shared by CRC,,,"EQUIFAX, INC.",LA,70605,,Consent not provided,Web,2016-11-16,Closed with explanation,Yes,No,2212153
907,2014-06-26,Credit reporting,,Incorrect information on credit report,Reinserted previously deleted info,,,"EQUIFAX, INC.",CA,94582,,N/A,Web,2014-06-26,Closed with explanation,Yes,Yes,912169
918,2015-04-07,Credit reporting,,Incorrect information on credit report,Information is not mine,,,"EQUIFAX, INC.",OR,97222,,N/A,Referral,2015-05-05,Closed with explanation,Yes,No,1319019
921,2013-09-04,Credit reporting,,Credit reporting company's investigation,Investigation took too long,,,"EQUIFAX, INC.",IN,46368,,N/A,Postal mail,2013-09-17,Closed with explanation,Yes,No,514138
925,2013-02-26,Credit reporting,,Incorrect information on credit report,Information is not mine,,,"EQUIFAX, INC.",NM,87507,,N/A,Web,2013-02-27,Closed with explanation,Yes,No,333753
926,2016-10-18,Credit reporting,,Incorrect information on credit report,Account status,,,"EQUIFAX, INC.",TX,78418,,N/A,Referral,2016-10-20,Closed with explanation,Yes,No,2166207
937,2015-11-13,Credit reporting,,Incorrect information on credit report,Public record,,,"EQUIFAX, INC.",CO,80220,,Consent not provided,Web,2015-11-13,Closed with explanation,Yes,Yes,1653274
941,2015-03-26,Credit reporting,,Incorrect information on credit report,Account status,,,"EQUIFAX, INC.",CO,80022,,N/A,Referral,2015-04-13,Closed with explanation,Yes,Yes,1302312
942,2016-12-09,Credit reporting,,Incorrect information on credit report,Public record,I am trying to get XXXX to withdraw a tax lien from credit report. The amount was paid in XX/XX/XXXX and put on my credit report in XX/XX/XXXX. The XXXX years should be up soon but they are telling me that I have to wait until XX/XX/XXXX. I should only have to wait XXXX years from when I actually paid it. That is not right. I understand that they do not report to the credit bureaus however they can put in my in my public record that it has been withdrawn. At that time I can dispute it and get it removed.,,"EQUIFAX, INC.",GA,313XX,,Consent provided,Web,2016-12-09,Closed with explanation,Yes,No,2244024
946,2017-01-23,Credit reporting,,Incorrect information on credit report,Public record,,,"EQUIFAX, INC.",NY,10011,,Consent not provided,Web,2017-01-23,Closed with explanation,Yes,Yes,2303530
963,2016-08-17,Credit reporting,,Unable to get credit report/credit score,Problem getting report or credit score,,,"EQUIFAX, INC.",NY,13323,,Consent not provided,Web,2016-08-17,Closed with explanation,Yes,Yes,2067535
986,2013-06-11,Credit reporting,,Unable to get credit report/credit score,Problem getting my free annual report,,,"EQUIFAX, INC.",GA,30044,,N/A,Web,2013-06-11,Closed with non-monetary relief,Yes,No,429087
987,2016-12-28,Credit reporting,,Incorrect information on credit report,Information is not mine,,,"EQUIFAX, INC.",GA,30248,,N/A,Referral,2016-12-28,Closed with explanation,Yes,No,2266498
995,2016-11-12,Credit reporting,,Improper use of my credit report,Report improperly shared by CRC,,,"EQUIFAX, INC.",LA,70605,,Consent not provided,Web,2016-11-12,Closed with explanation,Yes,No,2205604
